,name,longitude,region_id,legacy_id,capacity,latitude,short_name
0,Eads St & 15th St S,-77.05323,41,1,15,38.858971,31000
1,Crystal Dr & 20th St S,-77.049232,41,3,17,38.856425,31002
2,Crystal Dr & 15th St S,-77.049417,41,4,16,38.861056,31003
3,Aurora Hills Cmty Ctr / 18th St & S Hayes St,-77.05949,41,5,12,38.857866,31004
4,Pentagon City Metro / 12th St & S Hayes St,-77.059936,41,6,19,38.862303,31005
5,Army Navy Dr & S Joyce St,-77.06341624259947,41,7,16,38.86331354301248,31006
6,Crystal City Metro / 18th St & S Bell St,-77.05169767141342,41,8,19,38.85778509815245,31007
7,Crystal Dr & 27th St S,-77.051514,41,10,12,38.848466,31009
8,S Glebe Rd & Potomac Ave,-77.0502,41,11,11,38.8426,31010
9,Crystal Dr & 23rd St S,-77.049723,41,12,17,38.852929,31011
10,Clark St & 26th St S,-77.05152,41,13,12,38.850688,31012
11,19th St & Pennsylvania Ave NW,-77.0429,42,14,15,38.9003,31100
12,14th & V St NW,-77.032096,42,15,31,38.9177645,31101
13,11th & Kenyon St NW,-77.027822,42,16,39,38.929464,31102
14,Adams Mill & Columbia Rd NW,-77.042581,42,18,15,38.922925,31104
15,14th & Harvard St NW,-77.0322,42,19,19,38.9268,31105
16,Calvert & Biltmore St NW,-77.047637,42,20,23,38.923203,31106
17,Lamont & Mt Pleasant NW,-77.0388,42,21,19,38.9319,31107
18,4th & M St SW,-77.0178975,42,22,23,38.876697,31108
19,15th & P St NW,-77.03442692756653,42,23,19,38.90980062655191,31201
20,14th & R St NW,-77.032008,42,24,19,38.913046,31202
21,14th & Rhode Island Ave NW,-77.0323,42,25,23,38.9086,31203
22,20th & E St NW,-77.045,42,26,15,38.8963,31204
23,21st & I St NW,-77.04644858837128,42,27,35,38.90071062547463,31205
24,Georgia & New Hampshire Ave NW,-77.02418088912964,42,28,19,38.9366839345886,31400
25,14th St & Spring Rd NW,-77.0328,42,29,19,38.9375,31401
26,John McCormack Dr & Michigan Ave NE,-76.9955,42,30,11,38.9346,31502
27,5th & K St NW,-77.019027,42,31,19,38.90304,31600
28,19th & East Capitol St SE,-76.9769,42,32,15,38.8896,31601
29,Park Rd & Holmead Pl NW,-77.0315,42,33,35,38.9308,31602
30,Good Hope & Naylor Rd SE,-76.969184,42,34,19,38.861663,31700
31,Connecticut Ave & Macomb St NW / Cleveland Park,-77.0575301349163,42,35,11,38.93362634918731,31305
32,Randle Circle & Minnesota Ave SE,-76.9607,42,36,11,38.878,31702
33,Minnesota Ave Metro/DOES,-76.947446,42,37,15,38.897063,31703
34,Nannie Helen Burroughs & Minnesota Ave NE,-76.941877,42,38,11,38.901385,31704
35,Anacostia Metro,-76.994637,42,39,19,38.862669,31801
36,Good Hope Rd & MLK Ave SE,-76.988039,42,40,11,38.867373,31802
37,19th & E Street NW,-77.0436,42,41,11,38.8952,31206
38,4th & W St NE,-77.000648,42,42,15,38.919077,31500
39,10th & U St NW,-77.0259,42,43,15,38.9172,31111
40,Georgia Ave & Fairmont St NW,-77.0222,42,44,15,38.9249,31207
41,1st & N St SE,-77.00579434633255,42,45,39,38.874101857715736,31209
42,20th St & Florida Ave NW,-77.0446,42,46,15,38.9154,31110
43,7th & T St NW,-77.0222,42,47,15,38.9155,31109
44,Eads St & 22nd St S,-77.05341160297394,41,48,15,38.85438051517749,31013
45,M St & New Jersey Ave SE,-77.0037,42,49,17,38.8763,31208
46,Massachusetts Ave & Dupont Circle NW,-77.0444,42,51,45,38.9101,31200
47,1st & M St NE,-77.005483,42,52,15,38.905697,31603
48,New Hampshire Ave & Ward Pl NW,-77.0473176240921,42,53,19,38.90571079190728,31212
49,17th & K St NW,-77.03863,42,54,23,38.90276,31213
50,3rd & H St NW,-77.015289,42,55,15,38.899408,31604
51,3rd & D St SE,-77.0023,42,56,11,38.8851,31605
52,Potomac & Pennsylvania Ave SE,-76.9862,42,57,15,38.8803,31606
53,13th & E St SE,-76.98790669441223,42,58,15,38.88291548476762,31607
54,17th & Corcoran St NW,-77.0387,42,59,19,38.9121,31214
55,Van Ness Metro / UDC,-77.063896,42,60,15,38.944551,31300
56,Florida Ave & R St NW,-77.0135,42,61,15,38.9126,31503
57,8th & Eye St SE / Barracks Row,-76.9953,42,62,11,38.8792,31608
58,Ward Circle / American University,-77.087171,42,63,15,38.938736,31301
59,Wisconsin Ave & Newark St NW,-77.072755,42,64,19,38.934881,31302
60,14th St Heights / 14th & Crittenden St NW,-77.032818,42,65,11,38.947774,31402
61,Anacostia Library,-76.9784,42,66,11,38.865784,31804
62,Pennsylvania & Minnesota Ave SE,-76.971015,42,67,11,38.873057,31805
63,Eastern Market / 7th & North Carolina Ave SE,-76.996806,42,68,15,38.886952,31610
64,14th St & New York Ave NW,-77.031686,42,69,23,38.899632,31216
65,Benning Branch Library,-76.947974,42,70,11,38.894,31705
66,USDA / 12th & C St SW,-77.02824175357819,42,71,39,38.88627694506511,31217
67,Georgetown Harbor / 30th St NW,-77.0591415,42,72,19,38.902314,31215
68,12th & Newton St NE,-76.991016,42,73,11,38.933668,31501
69,US Dept of State / Virginia Ave & 21st St NW,-77.046587,42,74,15,38.894919,31220
70,L'Enfant Plaza / 7th & C St SW,-77.022241,42,75,15,38.886266,31218
71,10th St & Constitution Ave NW,-77.026013,42,76,31,38.893028,31219
72,Kennedy Center,-77.05557,42,77,19,38.897293,31211
73,Eastern Market Metro / Pennsylvania Ave & 8th St SE,-76.99523448944092,42,78,19,38.88409514578027,31613
74,18th & M St NW,-77.04177886247635,42,79,27,38.90506687455313,31221
75,Tenleytown / Wisconsin Ave & Albemarle St NW,-77.079382,42,80,15,38.947607,31303
76,13th & H St NE,-76.98825001716614,42,81,27,38.90042673988099,31611
77,5th & F St NW,-77.019347,42,82,31,38.897222,31620
78,New York Ave & 15th St NW,-77.03335404396057,42,83,19,38.89903234416315,31222
79,Convention Center / 7th & M St NW,-77.02227,42,84,23,38.905737,31223
80,Harvard St & Adams Mill Rd NW,-77.043358,42,85,15,38.927872,31112
81,18th & L St NW,-77.04245209693909,42,86,19,38.903741450919384,31224
82,C & O Canal & Wisconsin Ave NW,-77.06269,42,87,23,38.90375,31225
83,Maine Ave & 7th St SW,-77.02305436134338,42,88,19,38.878693599396954,31609
84,D St & Maryland Ave NE,-76.99591577053069,42,89,23,38.89484064247075,31612
85,34th St & Wisconsin Ave NW,-77.0682,42,90,11,38.916442,31226
86,13th St & New York Ave NW,-77.029822,42,91,23,38.900283,31227
87,8th & H St NW,-77.023086,42,92,33,38.8997,31228
88,10th & Monroe St NE,-76.99353396892548,42,93,19,38.932456900063606,31504
89,Eckington Pl & Q St NE,-77.00495,42,94,23,38.910972,31505
90,6th & H St NE,-76.998347,42,95,23,38.899972,31615
91,3rd & H St NE,-77.001949,42,96,19,38.900412,31616
92,Bladensburg Rd & Benning Rd NE,-76.982872,42,97,15,38.900413,31617
93,4th & East Capitol St NE,-77.000349,42,98,11,38.889955,31618
94,Lincoln Park / 13th & East Capitol St NE ,-76.988355,42,99,25,38.890461,31619
95,Branch & Pennsylvania Ave SE,-76.9599,42,100,11,38.8692,31701
96,13th & D St NE,-76.987633,42,101,31,38.894832,31622
97,New Hampshire Ave & T St NW,-77.038252,42,102,23,38.915544,31229
98,Metro Center / 12th & G St NW,-77.027869,42,103,39,38.898364,31230
99,14th & D St NW / Ronald Reagan Building,-77.031617,42,104,25,38.894514,31231
100,7th & F St NW / National Portrait Gallery,-77.02219069004059,42,105,27,38.89728304853854,31232
101,17th & K St NW / Farragut Square,-77.038322,42,106,35,38.902061,31233
102,20th & O St NW / Dupont South,-77.04478,42,107,19,38.908905,31234
103,4th & D St NW / Judiciary Square,-77.016106,42,108,15,38.895344,31621
104,19th St & Constitution Ave NW,-77.0436,42,109,35,38.8923,31235
105,37th & O St NW / Georgetown University,-77.071652,42,110,23,38.90774,31236
106,25th St & Pennsylvania Ave NW,-77.053485,42,112,15,38.903827,31237
107,Columbus Circle / Union Station,-77.00493,42,113,55,38.89696,31623
108,North Capitol St & F St NW,-77.009888,42,114,23,38.897446,31624
109,11th & M St NW,-77.027313,42,115,19,38.9055785,31266
110,36th & Calvert St NW / Glover Park,-77.070334,42,116,15,38.922581,31304
111,14th & G St NW,-77.032278,42,117,23,38.898409,31238
112,Potomac Ave & 35th St S,-77.050537,41,118,15,38.844015,31052
113,Ohio Dr & West Basin Dr SW / MLK & FDR Memorials,-77.04657,42,124,31,38.88412,31240
114,11th & F St NW,-77.026975,42,125,15,38.897857,31262
115,23rd & E St NW ,-77.049882,42,126,19,38.896104,31260
116,Lynn St & 19th St North,-77.070993,41,127,27,38.897315,31014
117,Wilson Blvd & Ft Myer Dr,-77.072305,41,128,19,38.8946,31015
118,Clarendon Blvd & Pierce St,-77.076389,41,129,15,38.893438,31016
119,Wilson Blvd & N Uhle St,-77.0846,41,130,15,38.891696,31017
120,Rhodes St & 16th St N,-77.079375,41,131,12,38.892164,31018
121,Fairfax Village,-76.952103,42,132,15,38.86559,31706
122,21st St & Constitution Ave NW,-77.046567,42,133,15,38.892459,31261
123,Wilson Blvd & N Edgewood St,-77.09186241030693,41,134,15,38.889396070923496,31019
124,Columbia Rd & Belmont St NW,-77.04368,42,135,19,38.920669,31113
125,Rhode Island & Connecticut Ave NW,-77.03980207443237,42,136,23,38.905995699991145,31239
126,Thomas Circle,-77.0325,42,137,33,38.9059,31241
127,Wilson Blvd & N Franklin Rd,-77.0889,41,138,12,38.8904,31020
128,Clarendon Blvd & N Fillmore St,-77.09308,41,139,15,38.8881,31021
129,Clarendon Metro / Wilson Blvd & N Highland St,-77.09525674581528,41,140,21,38.88701007722296,31022
130,18th St & Pennsylvania Ave NW,-77.041539,42,141,27,38.89968,31242
131,4th & C St SW,-77.01770067214966,42,142,39,38.88637194054526,31243
132,4th & E St SW,-77.017445,42,143,19,38.88412,31244
133,3rd & G St SE,-77.001828,42,144,19,38.881185,31625
134,7th & R St NW / Shaw Library,-77.022155,42,145,15,38.912719,31245
135,9th & Upshur St NW,-77.0251,42,146,15,38.9418,31404
136,1st & Rhode Island Ave NW,-77.012289,42,147,15,38.915417,31506
137,Columbia Rd & Georgia Ave NW,-77.0237946510315,42,148,27,38.92812111132096,31115
138,California St & Florida Ave NW,-77.04062,42,149,19,38.917761,31116
139,Benning Rd & East Capitol St NE / Benning Rd Metro,-76.93723,42,150,19,38.889935,31707
140,3000 Connecticut Ave NW / National Zoo,-77.055599,42,151,15,38.930282,31307
141,Anacostia Ave & Benning Rd NE / River Terrace ,-76.96012,42,152,15,38.896544,31708
142,M St & Pennsylvania Ave NW,-77.056887,42,153,19,38.905126,31246
143,15th St & Massachusetts Ave SE,-76.983569,42,154,15,38.88732,31626
144,Congress Heights Metro,-76.987823,42,155,15,38.844711,31806
145,N Quincy St & Glebe Rd,-77.107735,41,156,11,38.876393,31035
146,Barcroft Community Center,-77.1009886264801,41,157,11,38.85033657788445,31033
147,N Veitch St & 20th St N,-77.086502,41,158,15,38.896923,31029
148,10th & K St NW,-77.02622,42,159,23,38.9024,31263
149,Fairfax Dr & Wilson Blvd,-77.097745,41,160,11,38.885801,31023
150,Wilson Blvd & N Quinn St,-77.07857,41,161,17,38.893993,31027
151,1st & K St SE,-77.00572729110718,42,162,15,38.878854378063295,31628
152,39th & Calvert St NW / Stoddert,-77.077271,42,163,19,38.922649,31306
153,1st & Washington Hospital Center NW,-77.012457,42,164,15,38.928743,31507
154,Virginia Square Metro / Monroe St & 9th St N,-77.103148,41,165,19,38.882788,31024
155,Central Library / Quincy St & 10th St N,-77.10783,41,166,11,38.88397,31025
156,Washington Blvd & 10th St N,-77.093485,41,167,15,38.884734,31026
157,Jefferson Dr & 14th St SW,-77.032427,42,168,23,38.8885525,31247
158,Smithsonian-National Mall / Jefferson Dr & 12th St SW,-77.028694,42,169,35,38.888774,31248
159,George Mason Dr & Wilson Blvd,-77.1207,41,170,15,38.87887,31036
160,6th St & Indiana Ave NW,-77.01994,42,171,19,38.894573,31264
161,N Veitch St & Key Blvd,-77.086063,41,172,11,38.893237,31028
162,Langston Blvd & N Adams St,-77.089006,41,173,19,38.89593,31030
163,15th St & N Scott St,-77.08095,41,174,11,38.89054,31031
164,Washington Blvd & 7th St N,-77.090792,41,175,11,38.88081,31032
165,Ballston Metro / Stuart St & 9th St N,-77.111768,41,176,23,38.881044,31037
166,Fairfax Dr & N Randolph St,-77.109366,41,177,11,38.882629,31034
167,Jefferson Memorial,-77.037413,42,178,23,38.879819,31249
168,Good Hope Rd & 14th St SE,-76.985238,42,179,15,38.866611,31803
169,Glebe Rd & 11th St N,-77.116817,41,180,11,38.883921,31038
170,Wilson Blvd & N Quincy St,-77.107854,41,181,15,38.880012,31039
171,GMU / Fairfax Dr & Kenmore St,-77.10108,41,182,11,38.884616,31040
172,Gallaudet / 8th St & Florida Ave NE,-76.9941,42,183,19,38.90509,31508
173,20th & L St NW,-77.044789,42,185,19,38.903584,31250
174,12th & L St NW,-77.0284,42,186,19,38.903819,31251
175,21st St & Pennsylvania Ave NW,-77.046564,42,187,19,38.901539,31252
176,19th & K St NW,-77.04337,42,188,23,38.902204,31253
177,Prince St & Union St,-77.040363,40,189,19,38.803124,31041
178,Market Square / King St & Royal St,-77.043363,40,190,15,38.804718,31042
179,St Asaph & Pendleton St,-77.0446327328682,40,191,15,38.81074147938705,31043
180,King St & Patrick St,-77.049883,40,192,15,38.805317,31044
181,15th & K St NW,-77.03353,42,193,27,38.902,31254
182,Commerce St & Fayette St,-77.05293,40,194,15,38.805648,31045
183,Henry St & Pendleton St,-77.050276,40,195,17,38.811456,31046
184,Braddock Rd Metro North,-77.052808,40,196,29,38.814577,31047
185,King St Metro South,-77.060626745224,40,197,23,38.80576284873485,31048
186,24th & N St NW,-77.05152,42,198,15,38.9066,31255
187,10th & E St NW,-77.026064,42,199,15,38.895914,31256
188,22nd & I St NW / Foggy Bottom,-77.048911,42,200,15,38.90088,31257
189,Utah St & 11th St N,-77.113905,41,201,11,38.883669,31049
190,Barton St & 10th St N,-77.08777,41,202,11,38.884961,31050
191,Arlington Blvd & N Queen St,-77.077294,41,203,11,38.889365,31051
192,Lincoln Memorial,-77.0494365,42,204,25,38.888255,31258
193,20th St & Virginia Ave NW,-77.045128,42,206,15,38.894722,31259
194,5th St & Massachusetts Ave NW,-77.018677,42,207,19,38.90093,31265
195,39th & Veazey St NW,-77.077078,42,208,15,38.943837,31308
196,Fessenden St & Wisconsin Ave NW,-77.082426,42,209,15,38.954812,31309
197,3rd & M St NE,-77.0021304488182,42,210,23,38.905469714943266,31627
198,Columbia Pike & S Courthouse Rd,-77.080319,41,211,15,38.863833,31053
199,Wakefield High School,-77.1125502884388,41,212,11,38.847129045742605,31054
200,28th St & S Meade St,-77.069275,41,213,15,38.846222,31055
201,18th St & Wyoming Ave NW,-77.041571,42,214,23,38.918809,31114
202,5th & Kennedy St NW,-77.0198142528534,42,215,15,38.956555547721955,31403
203,Georgia Ave & Emerson St NW,-77.027333,42,216,19,38.949662,31405
204,14th & Upshur St NW,-77.03267812728882,42,217,19,38.942475355602845,31406
205,14th St & Colorado Ave NW,-77.032947,42,218,19,38.956432,31407
206,Troy St & 26th St S,-77.075104,41,219,11,38.847977,31056
207,Four Mile Run Dr & S Shirlington Rd,-77.085931,41,220,11,38.8444,31057
208,Columbia Pike & S Oakland St,-77.09586,41,221,11,38.860789,31058
209,Four Mile Run Dr & S Walter Reed Dr,-77.095431,41,222,11,38.84736,31059
210,S Arlington Mill Dr & Campbell Ave,-77.089555,41,223,15,38.84232,31060
211,Kenmore St & 24th St S,-77.084918,41,224,11,38.848454,31061
212,13th St & Eastern Ave,-77.029417,44,225,15,38.987,32006
213,Wisconsin Ave & O St NW,-77.063586,42,226,19,38.90849,31312
214,Roosevelt Island,-77.06714,41,227,17,38.896553,31062
215,Connecticut & Nebraska Ave NW,-77.069956,42,228,23,38.955016,31310
216,17th St & Massachusetts Ave NW,-77.038359,42,229,19,38.908142,31267
217,15th & Euclid St NW,-77.0352,42,230,15,38.92333,31117
218,8th & East Capitol St NE,-76.995193,42,231,11,38.889988,31629
219,New Jersey Ave & R St NW,-77.017669,42,232,15,38.912659,31509
220,15th & East Capitol St NE,-76.983326,42,233,11,38.889908,31630
221,8th & F St NE,-76.994749,42,234,23,38.897274,31631
222,18th St & Rhode Island Ave NE,-76.978924,42,235,15,38.927095,31510
223,15th & F St NE,-76.983575,42,236,19,38.897195,31632
224,12th & Irving St NE,-76.990955,42,237,15,38.928644,31511
225,Alabama & MLK Ave SE,-76.99937582015991,42,239,11,38.84322988730829,31800
226,Pleasant St & MLK Ave SE,-76.990037,42,240,11,38.863897,31807
227,Neal St & Trinidad Ave NE,-76.987211,42,241,15,38.903732,31512
228,12th & U St NW,-77.028139,42,242,31,38.916787,31268
229,S George Mason & Four Mile Run Dr,-77.105022,41,243,11,38.852248,31063
230,Gravelly Point,-77.039511,41,244,17,38.865029,31064
231,Pershing Dr & Wayne St,-77.08596,41,245,11,38.880705,31065
232,Columbia Pike & S Orme St,-77.072315,41,246,11,38.867262,31066
233,3rd St & Pennsylvania Ave SE,-77.001955,42,247,15,38.887378,31269
234,8th & D St NW,-77.02324,42,248,15,38.894851,31270
235,3rd & Elm St NW,-77.01597,42,249,15,38.917622,31118
236,Rhode Island Ave & V St NE,-77.004746,42,250,19,38.918155,31513
237,Constitution Ave & 2nd St NW/DOL,-77.013917,42,251,27,38.892275,31271
238,Washington & Independence Ave SW/HHS,-77.013769,42,252,31,38.886978,31272
239,Independence Ave & L'Enfant Plaza SW/DOE,-77.025762,42,253,15,38.887312,31633
240,Hamlin & 7th St NE,-76.997194,42,254,15,38.927497,31514
241,Columbia Pike & S Walter Reed Dr,-77.086599,41,255,12,38.862478,31067
242,Arlington Mill Cmty Center / Columbia Pike & S Dinwiddie St,-77.11153,41,256,15,38.856319,31068
243,Pershing Dr & N George Mason Dr,-77.107906,41,257,11,38.871822,31069
244,Fenton St & New York Ave ,-77.023082,44,258,15,38.985404,32001
245,Bethesda Ave & Arlington Rd,-77.097426,44,259,19,38.981103,32002
246,Montgomery Ave & Waverly St ,-77.09221,44,260,11,38.983838,32003
247,Fallsgrove Blvd & Fallsgrove Dr,-77.192672,43,261,19,39.096312,32004
248,Traville Gateway Dr & Gudelsky Dr,-77.202501,43,262,19,39.093783,32005
249,Norfolk Ave & Fairmont St,-77.096539,44,263,11,38.988562,32000
250,E Montgomery Ave & Maryland Ave,-77.151291,43,264,15,39.084125,32007
251,Cordell & Norfolk Ave,-77.098029,44,265,11,38.98954,32008
252,Frederick Ave & Horners Ln,-77.145213,43,266,9,39.094772,32009
253,Philadelphia & Maple Ave,-77.011336,44,267,15,38.98128,32010
254,Maple & Ritchie Ave,-77.006311,44,268,19,38.983627,32011
255,Silver Spring Metro / Colesville Rd & Wayne Ave,-77.02912420034409,44,269,19,38.995256441231696,32012
256,Montgomery & East Ln,-77.095367,44,270,11,38.983525,32013
257,Friendship Hts Metro / Wisconsin Ave & Wisconsin Cir,-77.085998,44,271,19,38.961763,32014
258,14th & Belmont St NW,-77.031887,42,272,15,38.921074,31119
259,3rd & Tingey St SE,-77.0024,42,273,19,38.87501,31634
260,10th & Florida Ave NW,-77.025672,42,274,19,38.920387,31120
261,Potomac Ave & 8th St SE,-76.994468,42,275,15,38.876737,31635
262,Fallsgrove Dr & W Montgomery Ave,-77.188014,43,277,15,39.099376,32016
263,Monroe St & Monroe Pl,-77.149162,43,278,15,39.083673,32017
264,Needwood Rd & Eagles Head Ct,-77.15741,43,279,15,39.123513,32018
265,East West Hwy & Blair Mill Rd,-77.02935,44,280,15,38.990249,32019
266,47th & Elm St,-77.091991,44,282,15,38.982456,32021
267,Dennis Ave & Amherst Ave,-77.04456299543381,44,283,15,39.02538719623632,32022
268,Montgomery College / W Campus Dr & Mannakee St,-77.159048,43,284,21,39.095661,32023
269,Fenton St & Gist Ave,-77.023854,44,285,11,38.989724,32024
270,Carroll & Westmoreland Ave,-77.01121,44,286,15,38.975,32025
271,Carroll & Ethan Allen Ave,-77.006472,44,287,15,38.977933,32026
272,Battery Ln & Trolley Trail,-77.100104,44,288,15,38.992375,32027
273,Norfolk & Rugby Ave,-77.100239,44,289,11,38.990639,32028
274,Offutt Ln & Chevy Chase Dr,-77.094589,44,290,11,38.977093,32029
275,Fleet St & Ritchie Pkwy,-77.141378,43,293,15,39.076331,32032
276,Piccard & W Gude Dr,-77.177091,43,294,19,39.102212,32033
277,Silver Spring Transit Center - Top Level,-77.03037142753601,44,295,15,38.99403485060837,32034
278,Georgia Ave & Spring St,-77.031555,44,296,11,38.999388,32035
279,Fenton St & Ellsworth Dr ,-77.025608,44,297,15,38.997033,32036
280,King Farm Blvd & Pleasant Dr,-77.171487,43,298,18,39.114688,32037
281,King Farm Blvd & Piccard Dr,-77.182669,43,299,15,39.110314,32038
282,Calvert St & Woodley Pl NW,-77.050046,42,301,19,38.923583,31121
283,New Jersey Ave & N St NW/Dunbar HS,-77.01536044478416,42,302,19,38.90733256111448,31636
284,Nannie Helen Burroughs Ave & 49th St NE,-76.931862,42,303,11,38.898536,31710
285,Deanwood Rec Center,-76.933099,42,304,15,38.908473,31711
286,Hains Point/Buckeye & Ohio Dr SW,-77.03023,42,305,17,38.878433,31273
287,Arlington Blvd & Fillmore St,-77.089233,41,306,11,38.873755,31070
288,Eads St & 12th St S,-77.05428,41,307,17,38.862753,31071
289,Old Georgetown Rd & Southwick St,-77.109647,44,308,19,38.999634,32039
290,Friendship Blvd & Willard Ave,-77.088659,44,309,19,38.96115,32040
291,North Capitol St & G Pl NE,-77.008911,42,310,19,38.899703,31637
292,31st St & S Woodrow St,-77.0934784,41,311,11,38.8378458,31072
293,Washington Blvd & Walter Reed Dr ,-77.082104,41,312,15,38.873219,31073
294,TJ Cmty Ctr / 2nd St & S Old Glebe Rd,-77.095596,41,313,15,38.869418,31074
295,Connecticut Ave & Tilden St NW,-77.061977237463,42,314,15,38.94113915653008,31313
296,Medical Center Dr & Key West Ave,-77.196442,43,315,15,39.103091,32041
297,Shady Grove Hospital,-77.196636,43,316,19,39.097636,32042
298,Veterans Pl & Pershing Dr ,-77.023894,44,317,11,38.997445,32043
299,Rockville Metro East,-77.145803,43,318,13,39.085394,32044
300,1st & H St NW,-77.012108,42,319,15,38.900358,31638
301,Fort Totten Metro,-77.002721,42,320,19,38.952369,31515
302,Takoma Metro,-77.016855,42,321,19,38.975219,31408
303,Rhode Island Ave Metro,-76.995876,42,322,19,38.920682,31516
304,Rolfe St & 9th St S,-77.076131,41,323,11,38.866471,31075
305,S Randolph St & Campbell Ave,-77.08865851163864,41,324,15,38.84065400672152,31076
306,Shady Grove Metro West,-77.166093,43,325,19,39.119765,32045
307,River Rd & Landy Ln,-77.103381,44,326,19,38.964992,32046
308,Rockville Metro West,-77.146866,43,327,19,39.084379,32047
309,Bethesda Metro / Wisconsin Ave & Old Georgetown Rd,-77.094537,44,328,12,38.984691,32048
310,Iwo Jima Memorial / Meade & 14th St N,-77.071301,41,329,19,38.88992,31077
311,34th & Water St NW,-77.0675285,42,330,19,38.9037315,31314
312,Duke St & John Carlyle St,-77.060866,40,331,15,38.804378,31081
313,Langston Blvd & N Cleveland St,-77.09169,41,332,15,38.894941,31079
314,Arlington Blvd & S George Mason Dr,-77.104503,41,333,15,38.869442,31078
315,10th & G St NW,-77.02623546123505,42,334,23,38.89824328774852,31274
316,Langston Blvd & N Scott St,-77.080851,41,335,15,38.897612,31080
317,New Hampshire Ave & 24th St NW,-77.051084,42,336,19,38.901755,31275
318,Eisenhower Ave & Mill Race Ln,-77.068952,40,337,15,38.801111,31082
319,Potomac Greens Dr & Slaters Ln,-77.047494,40,338,11,38.82175,31083
320,Ballenger Ave & Dulaney St,-77.063562,40,339,19,38.802677,31084
321,Mount Vernon Ave & E Nelson Ave,-77.057619,40,340,11,38.820064,31085
322,Mount Vernon Ave & E Del Ray Ave,-77.058541,40,341,15,38.82595,31086
323,Monroe Ave & Leslie Ave,-77.053096,40,342,15,38.820932,31087
324,Mount Vernon Ave & Kennedy St,-77.059821,40,343,15,38.833077,31088
325,Court House Metro / 15th St & N Uhle St,-77.084801,41,344,21,38.890612,31089
326,WAU / Flower Ave & Division St,-77.000035,44,345,15,38.986743,32049
327,Long Bridge Park / Long Bridge Dr & 6th St S,-77.05003,41,346,15,38.865553,31090
328,Connecticut Ave & McKinley St NW,-77.07513481378555,42,347,19,38.96454350924588,31315
329,15th & L St NW,-77.034918,42,348,23,38.903649,31276
330,17th & G St NW,-77.03973233699799,42,349,31,38.898282949523605,31277
331,Spring St & 2nd Ave,-77.034499,44,350,15,38.997653,32050
332,18th & R St NW,-77.041834,42,351,19,38.912648,31278
333,Joyce St & 16th St S,-77.063275,41,352,15,38.859254,31091
334,Union Market,-76.99707,42,353,23,38.907908,31517
335,Langston Blvd & N Monroe St,-77.104562,41,354,15,38.896456,31092
336,21st St & N Pierce St,-77.078317,41,355,15,38.898984,31093
337,Langston Blvd & N Kirkwood St,-77.09713,41,356,15,38.895377,31094
338,19th & G St NW,-77.043182,42,357,23,38.898412,31279
339,2nd St & Seaton Pl NE,-77.00356006622314,42,358,19,38.914751108831155,31522
340,Wilson Blvd & N Illinois St ,-77.12712,41,359,15,38.876528,31902
341,Army Navy Dr & S Nash St,-77.06812083721161,41,364,11,38.86215024521491,31095
342,Thomas Jefferson St NW & Water/K St NW,-77.060173,42,365,19,38.902826,31293
343,11th & S St NW,-77.027025,42,367,23,38.913761,31280
344,Walter Reed Dr & 8th St S,-77.08787,41,368,15,38.86612,31096
345,2nd & G St NE,-77.003666,42,369,23,38.89967,31639
346,8th & O St NW,-77.02277,42,370,19,38.90864,31281
347,Georgia & Missouri Ave NW,-77.027855,42,371,19,38.961339,31411
348,Oklahoma Ave & D St NE,-76.974828,42,373,19,38.894474,31712
349,Maryland Ave & E St NE,-76.99278563261032,42,374,19,38.8962260397813,31640
350,New York Ave & Hecht Ave NE,-76.983683,42,375,23,38.915604,31518
351,Yuma St & Tenley Circle NW,-77.08059,42,376,19,38.946182,31316
352,Connecticut Ave & Chevy Chase Lake Dr,-77.076986,44,377,15,38.994113,32051
353,Key West Ave & Siesta Key Way,-77.194774,43,378,15,39.105295,32052
354,Langston Blvd & N Woodstock St,-77.118009,41,379,19,38.898301,31900
355,Saint Asaph St & Madison St,-77.044097,40,380,15,38.812718,31097
356,King St Metro North / Cameron St,-77.059817,40,381,15,38.80704,31098
357,Madison St & N Henry St,-77.049468,40,382,15,38.813485,31099
358,Medical Center Metro ,-77.097882,44,383,19,38.999378,32053
359,Washington Blvd & N Frederick St,-77.127671,41,384,11,38.884829,31901
360,Wisconsin Ave & Ingomar St NW,-77.084636,42,385,19,38.958267,31317
361,16th & Irving St NW,-77.03625,42,386,19,38.928893,31122
362,16th & R St NW,-77.036278,42,387,19,38.912652,31282
363,Lyttonsville Rd & Lyttonsville Pl,-77.051168,44,388,15,38.999679,32054
364,Woodmont Ave & Strathmore St,-77.093522,44,389,11,38.979875,32055
365,14th & L St NW,-77.031737,42,390,19,38.903658,31283
366,1st & O St NW,-77.012365,42,391,15,38.908643,31519
367,South Capitol & Atlantic St SW,-77.008133,42,392,19,38.831516,31811
368,18th & C St NW,-77.041544,42,393,19,38.893511,31284
369,22nd & P ST NW,-77.048728,42,394,19,38.909394,31285
370,East West Hwy & 16th St,-77.038721,44,395,19,38.995681,32056
371,Royal St & Wilkes St,-77.0447,40,396,15,38.799267,31903
372,14th & Girard St NW,-77.032375,42,397,23,38.925284,31123
373,Potomac Ave & Main Line Blvd,-77.049265,40,398,19,38.822738,31910
374,11th & O St NW,-77.02714,42,399,19,38.90843,31286
375,10th St & L'Enfant Plaza SW,-77.02601015567778,42,400,23,38.88432272414662,31287
376,Connecticut Ave & Yuma St NW,-77.065115,42,401,19,38.947156,31318
377,2nd St & Massachusetts Ave NE,-77.003135,42,402,23,38.894972,31641
378,Radford St & Osage St,-77.086031,40,403,23,38.828437,31908
379,East Falls Church Metro / Sycamore St & 19th St N,-77.15642720460892,41,404,19,38.88532071975074,31904
380,Kennebec St & 11th St N,-77.135271,41,405,15,38.880992,31905
381,Commonwealth Ave & Oak St,-77.061715,40,406,15,38.812711,31906
382,Commonwealth Ave & E Monroe Ave,-77.06282079219818,40,407,15,38.82005823354218,31913
383,4th St & Madison Dr NW,-77.0172465,42,408,31,38.8904955,31288
384,Henry Bacon Dr & Lincoln Memorial Circle NW,-77.049383,42,409,19,38.890539,31289
385,17th St & Independence Ave SW,-77.038325,42,410,19,38.888097,31290
386,Franklin St & S Washington St,-77.0487,40,411,19,38.798133,31907
387,Mount Vernon Ave & Four Mile Run Park,-77.064016,40,412,15,38.843422,31909
388,4th St & K St NW,-77.01600551605225,42,413,23,38.90240556584194,31642
389,Mount Vernon Ave & Bruce St,-77.063093,40,414,15,38.841291,31912
390,Lee Center,-77.053766,40,415,15,38.797557,31914
391,Powhatan St & Bashford Ln,-77.047783,40,416,15,38.818748,31915
392,Potomac Ave & Swann Ave,-77.047844,40,417,19,38.829545,31916
393,14th & Irving St NW,-77.032224,42,418,31,38.928552,31124
394,Vermont Ave & I St NW,-77.03445106744766,42,419,25,38.901136451737045,31291
395,Wisconsin Ave & Brandywine St NW,-77.080217,42,420,25,38.949813,31319
396,24th & R St NE / National Arboretum,-76.971923,42,421,19,38.91263,31520
397,Division Ave & Foote St NE,-76.925907,42,422,15,38.897407,31713
398,16th & Q St SE / Anacostia HS,-76.982359,42,423,23,38.870695,31812
399,Spring Hill Metro,-77.240654,104,424,15,38.929261,32200
400,Westpark Dr & Leesburg Pike,-77.235955,104,425,11,38.92403,32201
401,Tysons One Pl & Chain Bridge Rd,-77.221179,104,427,11,38.919475,32203
402,Tysons Corner Station,-77.222115,104,428,11,38.920939,32204
403,Westpark & Jones Branch Dr,-77.217664,104,429,11,38.924437,32205
404,Jones Branch & Westbranch Dr,-77.219261,104,430,13,38.931911,32206
405,Westpark & Park Run Dr,-77.225394,104,431,11,38.928919,32207
406,Tysons West Transit Center,-77.231825,104,432,11,38.932636,32208
407,North Shore & Cameron Crescent Dr/Crescent Apartments,-77.338686,104,433,11,38.970046,32209
408,Town Center Pkwy & Bowman Towne Dr,-77.361902,104,434,15,38.962524,32210
409,Reston Regional Library,-77.358815,104,435,15,38.962095,32211
410,New Dominion Pkwy & Fountain Dr,-77.356324,104,436,15,38.960574,32212
411,Sunset Hills & Old Reston Ave,-77.351649,104,437,15,38.955079,32213
412,Reston Town Center Transit Station,-77.359718,104,438,17,38.957037,32214
413,1st & D St SE,-77.005965,42,439,19,38.884916,31643
414,Wiehle Ave & Reston Station Blvd,-77.3393914103508,104,440,19,38.946607921214984,32215
415,Library St & Freedom Dr,-77.358741,104,441,19,38.959633,32216
416,Sunset Hills Rd & Discovery Square,-77.357611,104,442,15,38.95534,32217
417,22nd St & Constitution Ave NW,-77.048947,42,443,23,38.892441,31292
418,61st St & Banks Pl NE,-76.913563,42,444,19,38.891805,31714
419,Temporary Rd & Old Reston Ave,-77.353414,104,445,15,38.960084,32218
420,Reston YMCA,-77.368416,104,446,15,38.955314,32219
421,Sunset Hills Rd & Isaac Newton Square,-77.340377,104,447,11,38.951443,32220
422,N Lynn St & Fairfax Dr,-77.070862,41,448,15,38.89386,31917
423,Georgia Ave & Piney Branch Rd NW,-77.027976,42,449,15,38.967505,31414
424,Greensboro & International Dr,-77.227417,104,450,11,38.923083,32221
425,Madison St & Fairfax St,-77.040691,40,451,15,38.812351,31918
426,Sligo Ave & Carroll Ln,-77.016311,44,452,15,38.990874,32058
427,15th & W St NW,-77.034449,42,453,19,38.9190185,31125
428,12th St & Pennsylvania Ave SE,-76.990121,42,454,19,38.882489,31644
429,3rd St & Riggs Rd NE,-77.002239,42,455,15,38.957463,31412
430,Carlin Springs Rd & N Thomas St,-77.112982,41,456,15,38.876695,31919
431,Towers Crescent Dr & Tysons One Pl,-77.220157,104,457,11,38.915246,32222
432,6th & K St NE,-76.99840486049652,42,458,19,38.90293157359119,31645
433,Pooks Hill Rd & Linden Ave,-77.107143,44,459,15,39.014716,32057
434,Takoma Park Rec Center,-76.988311,44,460,15,38.98265,32059
435,New Hampshire & Kirklynn Ave,-76.988422,44,461,15,38.988101,32061
436,Wheaton Metro / Georgia Ave & Reedie Dr,-77.05102041363716,44,462,19,39.038423828518326,32062
437,Amherst Ave & Elkins St,-77.047788,44,463,15,39.044887,32063
438,Amherst Ave & Prichard Rd,-77.048395,44,464,15,39.035965,32064
439,Grandview & Blueridge Ave,-77.053085,44,465,15,39.043272,32065
440,Windham Ln & Amherst Ave,-77.04735,44,466,15,39.032029,32066
441,North Shore Dr & Village Rd,-77.340787,104,467,11,38.970412,32223
442,Town Center Pkwy & Sunset Hills Rd,-77.3630940914154,104,468,11,38.955170598044894,32224
443,3rd & Underwood St NW,-77.016258,42,469,19,38.968834,31413
444,18th & Monroe St NE,-76.979517,42,470,19,38.93293,31521
445,7th & E St SW,-77.021741,42,471,19,38.88345,31294
446,Shady Grove Metro East,-77.164969,43,472,19,39.121327,32067
447,Potomac & M St NW,-77.065149,42,473,19,38.905368,31295
448,Columbia & Ontario Rd NW,-77.040787,42,474,23,38.924088,31296
449,Washington-Liberty High School / N Stafford St & Generals Way,-77.111066,41,475,15,38.888282,31920
450,Westover Library / Washington Blvd & N McKinley Rd,-77.142317,41,476,15,38.886048,31921
451,Columbia Pike & George Mason Dr,-77.10201859474182,41,477,15,38.859305619982344,31923
452,Columbus Ave & Tribeca St,-77.16705948114395,43,478,11,39.12582811177034,32068
453,Columbus Ave & Gramercy Blvd,-77.16486,43,479,11,39.12333,32069
454,Reston Pkwy & Spectrum Dr,-77.35428035259247,104,480,15,38.964207741006206,32225
455,Key West Ave & Great Seneca Hwy,-77.20386,43,481,11,39.105642,32070
456,Virginia Ave & 25th St NW,-77.054155,42,482,19,38.8995,31297
457,15th & M St NW,-77.034674,42,483,19,38.905424,31298
458,11th & Girard St NW,-77.027112,42,484,19,38.925636,31126
459,Connecticut Ave & R St NW,-77.04564,42,485,19,38.912644,31299
460,Wilson Blvd & N Troy St,-77.082089,41,486,15,38.892556,31924
461,American University East Campus,-77.087128,42,487,19,38.936298,31320
462,15th St & Constitution Ave NW,-77.033234,42,488,19,38.892244,31321
463,23rd & M St NW,-77.050264,42,490,19,38.905303,31128
464,Corporate Blvd & Omega Dr,-77.192645,43,491,15,39.106971,32071
465,Key West Ave & Diamondback Dr,-77.202354,43,492,11,39.106152,32072
466,Alabama Ave & Stanton Rd SE / Shops at Park Village,-76.98185,42,493,19,38.84627,31813
467,Mississippi Ave & 19th St SE / THEARC,-76.97557,42,494,19,38.84377,31814
468,19th & Savannah St SE,-76.97703,42,495,11,38.84623,31815
469,4th St & Mississippi Ave SE,-77.0009,42,496,19,38.836,31816
470,1st & S Capitol St SE / Oxon Run Trail,-77.005497,42,497,19,38.824481,31817
471,Livingston Rd & 3rd St SE,-77.00223,42,498,15,38.82373,31818
472,Joliet St & MLK Ave SW/Bald Eagle Rec Ctr,-77.01033,42,499,19,38.81909,31819
473,37th & Ely Pl SE,-76.949709,42,500,15,38.883011,31715
474,15th St & Pennsylvania Ave NW,-77.0333808660507,42,501,19,38.89646474748647,31129
475,Maine Ave & 9th St SW,-77.025236,42,505,15,38.88044,31646
476,Lincoln Rd & Seaton Pl NE/Harry Thomas Rec Center,-77.0078,42,506,19,38.915,31523
477,Blueridge Ave & Elkin St,-77.05006,44,507,15,39.04313,32073
478,Georgia Ave & Kennedy St NW,-77.02791,42,508,19,38.95674,31415
479,7th St & Massachusetts Ave NE,-76.99602,42,509,19,38.89222,31647
480,Anacostia Park,-76.9834,42,510,19,38.87335,31820
481,Twinbrook Metro,-77.120776,43,511,14,39.062041,32074
482,White Flint Metro,-77.11287,43,512,25,39.04753,32075
483,Citadel Ave & McGrath Blvd,-77.10933,43,513,15,39.049,32076
484,Rockville Pike & Old Georgetown Rd,-77.11368,43,514,15,39.049765,32077
485,Woodglen Dr & Executive Blvd,-77.1135,43,515,16,39.04317,32078
486,Executive Blvd & E Jefferson St,-77.1257,43,516,15,39.04873,32079
487,Fishers Ln & Rock Creek Mill Rd,-77.113454,43,517,15,39.0629,32080
488,Congressional Ln & E Jefferson St,-77.129235,43,518,15,39.06219,32081
489,Garland Ave & Walden Rd,-77.00077,44,519,15,39.00048,32082
490,Greensboro & Pinnacle Dr,-77.23034,104,520,13,38.92245,32227
491,1301 McCormick Dr / Wayne K. Curry Admin Bldg,-76.843263,133,521,15,38.908391,32400
492,Largo Town Center Metro,-76.844604,133,522,17,38.899811,32401
493,Baltimore Ave & Van Buren St / Riverdale Park Station,-76.937349,133,523,17,38.969581,32402
494,Baltimore Ave & Jefferson St,-76.940133,133,524,15,38.95548,32403
495,Perry & 35th St,-76.960054,133,525,15,38.936213,32404
496,Potomac Ave & Half St SW,-77.01081544160843,42,527,23,38.86968314861632,31648
497,Largo Rd & Campus Way / Prince Georges's Comm Col,-76.825535,133,530,15,38.88994,32405
498,Stanton Square SE,-76.984512,42,531,19,38.855004,31822
499,14th & Newton St NW,-77.032956,42,532,19,38.931991,31649
500,48th Pl & MacArthur Blvd NW,-77.0957824587822,42,533,19,38.9170363119413,31322
501,14th & Luzon St NW,-77.033509,42,534,19,38.969489,31416
502,1st & M St SE,-77.006072,42,535,19,38.876893,31650
503,Fleet St & Waterfront St,-77.016059,133,536,15,38.782633,32406
504,Oxon Hill Park & Ride,-77.00103,133,537,15,38.798749,32407
505,11th & Park Rd NW,-77.02824711799622,42,538,19,38.93132185874559,31651
506,4th & M St SE,-77.000736,42,539,19,38.876751,31652
507,Kansas Ave & Sherman Cr NW,-77.02154964208603,42,540,19,38.94796174822241,31417
508,Campus Commons,-77.335425,104,541,11,38.944707,32228
509,Park Run & Onyx Dr,-77.226644,104,542,11,38.92755,32229
510,7th & K St NW,-77.021392,42,543,19,38.902674,31653
511,King Greenleaf Rec Center,-77.012443,42,544,19,38.876211,31654
512,Montello Ave & Holbrook Terr NE,-76.986813,42,545,19,38.907444,31524
513,New Jersey Ave & F St NW,-77.011616,42,546,33,38.897108,31655
514,Maryland Ave & 17th St NE,-76.978627,42,547,19,38.901935,31656
515,Massachusetts Ave & 6th St NE,-76.998273,42,548,19,38.892934,31657
516,Woodley Park Metro / Calvert St & Connecticut Ave NW,-77.051833,42,549,23,38.923389,31323
517,McLean Metro,-77.20812678337097,104,550,19,38.92400207520182,32230
518,Trinidad Rec Center,-76.983221,42,551,19,38.906299,31525
519,Rosedale Rec Center,-76.979634,42,552,19,38.897808,31658
520,11th & C St SE,-76.991476,42,553,19,38.885908,31659
521,New Hampshire & Gallatin St NW,-77.012808,42,554,19,38.951596,31418
522,United Medical Center,-76.983144,42,555,19,38.835737,31823
523,18th & New Hampshire Ave NW,-77.041829,42,556,19,38.911268,31324
524,Dunn Loring Metro,-77.2283,104,560,19,38.8828,32231
525,Oglethorpe St & 42nd Ave,-76.946361,133,561,15,38.959361,32408
526,Southern Ave Metro,-76.9753,133,562,15,38.840107,32409
527,Queens Chapel & Hamilton St,-76.9595,133,563,15,38.9546,32410
528,Northwestern High School,-76.952199,133,564,15,38.975505,32411
529,New Hampshire Ave & East-West Hwy,-76.995227,133,565,15,38.974205,32412
530,Rhode Island Ave & 39th St / Brentwood Arts Exchange,-76.955047,133,566,15,38.939271,32413
531,Riggs Rd & East West Hwy,-76.9807,133,567,17,38.9725,32414
532,Tanger Outlets,-77.0026,133,568,15,38.7968,32415
533,Chillum Rd & Riggs Rd / Riggs Plaza,-76.995922,133,569,15,38.961737,32416
534,Hyattsville Library / Adelphi Rd & Toledo Rd,-76.9493,133,570,15,38.9698,32417
535,Meridian High School / Haycock Rd & Leesburg Pike,-77.19268798828125,152,571,12,38.89641882214797,32600
536,State Theatre / Park Pl & N Washington St,-77.170032,152,572,12,38.882746,32601
537,N Oak St & W Broad St,-77.179832,152,573,12,38.88837,32602
538,Pennsylvania Ave & Park Ave,-77.176992,152,574,12,38.887403,32603
539,E Fairfax St & S Washington St,-77.171891,152,575,12,38.880612,32604
540,N Roosevelt St & Roosevelt Blvd,-77.153953,152,576,12,38.878085,32606
541,W Broad St & Little Falls St,-77.173438,152,577,12,38.883601,32605
542,S Maple Ave & S Washington St,-77.178408,152,578,12,38.87972,32607
543,Falls Church City Hall / Park Ave & Little Falls St,-77.173605,152,579,12,38.885434,32608
544,W Columbia St & N Washington St,-77.166917,152,580,12,38.885621,32609
545,West Falls Church Metro,-77.1887,104,581,19,38.9001,32232
546,Jones Branch Drive & Scotts Crossing Rd,-77.215624,104,582,11,38.928502,32233
547,Georgia Ave & Morton St NW,-77.0235,42,583,19,38.932128,31419
548,Merrilee Dr & Lauren Elizabeth Lane,-77.230681,104,584,11,38.879355,32234
549,Merrifield Cinema & Merrifield Town Center,-77.22997,104,585,11,38.870093,32235
550,Rhode Island & Montana Ave NE,-76.9859,42,586,19,38.9243,31526
551,7th & S St NW,-77.0221745967865,42,587,19,38.9142043187298,31130
552,North Capitol & R St NE,-77.008798,42,588,15,38.912524,31527
553,17th & Upshur St NW,-77.038684,42,589,19,38.942146,31420
554,Grant Circle,-77.01822102069855,42,590,19,38.942024743273045,31421
555,14th & Otis Pl NW,-77.032687,42,591,27,38.934405,31131
556,John McCormack Rd NE,-76.997226,42,592,19,38.938889,31528
557,West Hyattsville Metro,-76.968084,133,593,17,38.955349,32418
558,Capitol Heights Metro,-76.913188,133,594,19,38.888524,32419
559,Prince George's Plaza Metro,-76.954803,133,595,17,38.965742,32420
560,Riverdale Park Town Center,-76.935578,133,596,17,38.962119,32421
561,The Mall at Prince Georges,-76.954171,133,597,17,38.968842,32422
562,Wheaton Library & Community Rec Center,-77.0510969,44,598,11,39.0473228,32084
563,Edgewood Rec Center,-77.002098,42,599,15,38.924144,31529
564,8th & K St NE,-76.99514991079923,42,601,15,38.90273216425078,31660
565,Kingman Island/The Fields at RFK,-76.9678448436025,42,602,19,38.89595455700754,31716
566,Kenilworth Terrace & Hayes St. NE,-76.9472873210907,42,603,19,38.90046848783359,31717
567,National Harbor Carousel,-77.0167,133,604,15,38.7859,32423
568,Valley Ave & Wheeler Rd SE,-76.99358886515256,42,605,19,38.83664578175751,31824
569,Ridge Rd Community Center,-76.94098126958124,42,606,19,38.876227445751475,31718
570,Fort Stanton Rec Center,-76.97768801437633,42,607,19,38.85736903758752,31825
571,Reservoir Rd & 38th St NW,-77.07432264076488,42,608,19,38.91261359469192,31325
572,22nd & H St NW,-77.04885238395946,42,609,17,38.89892546716842,31127
573,8th & H St NE,-76.99489653110504,42,610,19,38.899941626884754,31661
574,Hardy Rec Center,-77.08564639091492,42,611,17,38.90970086204467,31326
575,The Shoppes @ Burnt Mills,-77.0041217,44,612,19,39.0313141,32085
576,Briggs Chaney & Castle Dr,-76.945495,44,613,19,39.081638,32086
577,White Oak Rec Center,-76.9757228,44,614,15,39.0461435,32087
578,Briggs Chaney Park & Ride,-76.9418666,44,615,23,39.0778751,32088
579,Stewart & April,-76.9811552,44,616,19,39.0449444,32090
580,Stewart Ln & Old Columbia Pike,-76.9854381,44,617,19,39.0456521,32091
581,New Hampshire & Lockwood,-76.9918237,44,618,19,39.0391022,32089
582,Castle Blvd & Castle Ln,-76.940547,44,619,19,39.085314,32092
583,Oak Leaf & Lockwood,-76.9945391,44,620,19,39.0379809,32094
584,White Oak Transit Center,-76.987125,44,621,19,39.04104,32093
585,Wilson Blvd. & N. Vermont St.,-77.11456328630447,41,622,12,38.87947660895433,31926
586,Oklahoma Ave & Benning Rd NE,-76.9695094,42,623,19,38.8974996,31719
587,Minnesota Ave & R St SE,-76.978519,42,624,19,38.8693365,31826
588,Vy Reston Heights,-77.355299,104,625,11,38.949008,32236
589,1st & K St NE,-77.005649,42,626,17,38.902386,31662
590,Wheeler Ave & S. Floyd St.,-77.100796,40,628,12,38.808161,31927
591,N. Beauregard St. & Berkley St.,-77.108938,40,629,19,38.840797,31928
592,Mt Vernon Trail & S. Washington St.,-77.049436,40,630,15,38.7930647,31929
593,Eisenhower Ave & Ike Dr,-77.0824626,40,632,15,38.802738,31930
594,Capitol Ave & Kendall St NE,-76.985854,42,633,19,38.910993,31530
595,14th & D St SE,-76.9863852,42,634,19,38.8840581,31663
596,Half & Water St SW,-77.010551,42,636,15,38.866277,31664
597,14th & Q St NW,-77.03188,42,637,19,38.910674,31327
598,13th & U St NW,-77.0296311378479,42,638,19,38.91693645323652,31132
599,Stadium Armory Metro,-76.97718724608421,42,639,19,38.88548252734069,31665
600,Broad Branch Rd & Northampton St NW,-77.06862643361092,42,640,19,38.96577499342219,31422
601,N Pitt St & Montgomery St,-77.04281687736511,40,641,15,38.81403111409755,31931
602,Van Dorn Metro,-77.1299434,40,642,19,38.8000766,31932
603,Duke St & Strand (Robinson Terminal),-77.040293,40,643,11,38.801947,31933
604,21st St & G st NW,-77.04691261053085,42,645,19,38.89830173667249,31328
605,4th St & G St SW,-77.017658,42,646,19,38.881123,31666
606,Kansas Ave & Longfellow St NW,-77.013821,42,647,19,38.958098,31423
607,National Airport,-77.045916,41,648,19,38.852903,31935
608,Fern St & Army Navy Dr,-77.056873,41,649,15,38.864838,31936
609,Arlington Blvd & Ft Myer Dr,-77.074893,41,650,15,38.890863,31937
610,23rd St S & Hayes St,-77.059496,41,651,15,38.853002,31938
611,Wilson Blvd & N Oak St,-77.07386,41,652,17,38.895068,31939
612,Arlington Blvd & Fairfax Dr,-77.08426237106323,41,653,16,38.88625606692058,31940
613,2nd & V St SW / James Creek Marina,-77.013814,42,654,19,38.863743,31667
614,1st St & Potomac Ave SE,-77.00591,42,655,19,38.871841,31668
615,20th & Columbia Rd NW,-77.045487,42,656,19,38.918036,31133
616,3rd & M st SE,-77.002161,42,657,23,38.876823,31669
617,53rd & D St SE/C.W. Harris Elementary,-76.925315,42,659,19,38.883318,31671
618,N Hampton Dr & Ford Ave,-77.106111,40,662,11,38.837306,31941
619,Whiting & Lane Dr,-77.135788,40,663,15,38.809709,31942
620,N Howard St & Taney Ave,-77.110014,40,664,15,38.815842,31943
621,Anacostia Roller Skating Pavillion,-76.97093,42,665,19,38.878771,31720
622,S Clark St & 33rd St,-77.051956,41,667,11,38.845028,31944
623,Columbia Pike & S Greenbrier St,-77.118106,41,668,15,38.854019,31945
624,Kenmore Ave & Seminary Rd,-77.110588,40,669,11,38.828887,31946
625,Rosslyn Metro / Wilson Blvd & N Moore St,-77.07145214080809,41,670,21,38.896086906318665,31947
626,W&OD Trail & Langston Blvd,-77.16212,41,671,15,38.88715,31948
627,Roosevelt Center & Crescent Rd,-76.878005,133,672,15,39.00031,32424
628,Crescent Rd & Ridge Rd,-76.891247,133,673,15,39.006191,32425
629,Greenbelt Station Parkway,-76.916243,133,674,11,39.002459,32426
630,Baron Cameron Ave & North Hampton Ave,-77.359341,104,675,12,38.966344,32237
631,Ridge Heights Rd & Seahawks Dr,-77.337775,104,676,12,38.936061,32238
632,Becontree Ln & Goldenrain Ct,-77.329282,104,677,12,38.966848,32239
633,Ring Rd & North Shore Dr,-77.326761,104,678,12,38.970807,32240
634,Reston Pkwy & Bennington Woods Rd,-77.351837,104,679,12,38.973625,32241
635,Inlet Ct & Wiehle Dr,-77.334359,104,680,12,38.965979,32242
636,Fairway Dr & Hook Rd,-77.342546,104,681,12,38.963314,32243
637,Vantage Hill Rd & Wainwright Dr,-77.348487,104,682,12,38.9667,32244
638,Links Dr & Wedge Dr,-77.339295,104,684,12,38.959025,32245
639,Golf Course Sq and Golf Course Dr,-77.353552,104,685,12,38.944013,32246
640,South Lakes Dr and Reston Pkwy,-77.362304,104,686,12,38.94335,32247
641,Olde Crafts Dr and Cartwright Pl,-77.354067,104,687,12,38.938797,32248
642,Green Range Dr and Glade Dr,-77.36786842346191,104,688,12,38.93714618600706,32249
643,South Gate Community Center,-77.366499,104,689,12,38.941496,32250
644,Lake Newport Rd and Autumn Ridge Cir,-77.35345423221588,104,690,12,38.97850255151454,32251
645,Ridge Heights and Owl Cove Ln,-77.331653,104,691,12,38.933923,32252
646,Soapstone Dr Convenience Center,-77.345874,104,692,12,38.93051,32253
647,Columbia Pike & S Scott St/12th St S,-77.077201,41,693,11,38.863556,31949
648,St. Elizabeths West Campus/DHSÂ ,-77.005174,42,694,19,38.853124,31827
649,Long Bridge Aquatic Center,-77.04409494996071,41,695,12,38.87056104566178,31950
650,8th Rd & S Frederick St,-77.116339,41,696,12,38.857049,31951
651,MBT & Bryant St NE,-76.9960230588913,42,697,19,38.92240364115446,31531
652,N Howard St & N Imboden St,-77.105564,40,698,15,38.818509,31952
653,Hartland Rd & Harte Pl,-77.222808,104,701,11,38.878601,32255
654,North Village and Park Garden,-77.341823,104,702,12,38.983199,32256
655,8th & V St NW,-77.022684,42,704,19,38.917716,31134
656,17th & P St NW,-77.038566,42,705,19,38.909858,31330
657,Arizona Ave & MacArthur Blvd NW,-77.103662,42,706,19,38.927294,31331
658,11th & V st NW,-77.027171,42,707,19,38.918199,31332
659,4th & Florida Ave NE,-77.00069814920425,42,708,19,38.90731645057457,31532
660,S Pickett St & Shillings St,-77.132334,40,709,15,38.804486,31953
661,S Jordan St & Venable St,-77.109975,40,710,15,38.811361,31954
662,King St & Peyton St,-77.055911,40,711,16,38.806002,31955
663,10th & H St NE,-76.992725,42,712,19,38.899984,31672
664,Reed and Edison,-77.060899,40,713,11,38.83728,31956
665,King St & Kenwood Ave,-77.085066,40,715,16,38.824793,31957
666,S Washington St & Wilkes St,-77.048043,40,716,12,38.800703,31958
667,Main Line Blvd & E Glebe,-77.049772,40,717,19,38.832431,31959
668,Commonwealth and Reed,-77.05727398395538,40,718,16,38.8368376462948,31960
669,Fillmore & Bisdorf,-77.116206,40,719,11,38.83863,31961
670,King St & W Braddock Rd,-77.088985,40,720,15,38.827674,31962
671,Holmes Run Pkwy & N Pickett St,-77.11893,40,721,15,38.814305,31963
672,Virginia Theological Seminary,-77.093879,,722,11,38.820152,31964
673,Duke St & Jordan St,-77.10994,40,724,16,38.812187,31966
674,S Reynolds St & Edsall Rd,-77.128908,40,725,15,38.809607,31967
675,King St & N Pitt St,-77.04467564821243,40,726,15,38.8048011316311,31968
676,Braddock Rd Metro South,-77.053734,40,727,19,38.813474,31969
677,16th & Harvard St NW,-77.03665,42,728,19,38.926102,31135
